D_prof,E_act,D_surf,Drain
-0.8,0.8,-0.8,0.0
-1.4,0.6,-1.4,0.0
-2.2,0.8,-2.2,0.0
-2.9000000000000004,0.7,-2.9000000000000004,0.0
-3.7,0.8,-3.7,0.0
-4.5,0.8,-4.5,0.0
-5.4,0.9,-5.4,0.0
-6.2,0.8,-6.2,0.0
-0.30000000000000004,0.8,-0.30000000000000004,0.0
0.0,0.6,0.0,2.1999999999999997
-1.1,1.1,-1.1,0.0
0.0,1.1,0.0,3.2000000000000006
0.0,1.2,0.0,4.2
0.0,0.9,0.0,0.4
0.0,1.5,0.0,2.2
0.0,1.6,0.0,2.8000000000000003
0.0,1.0,0.0,6.9
0.0,2.0,0.0,0.5
-1.2,1.2,-1.2,0.0
-2.4,1.2,-2.4,0.0
-3.7,1.3,-3.7,0.0
-4.4,0.7,-4.4,0.0
-5.5,1.1,-5.5,0.0
-7.0,1.5,-7.0,0.0
-6.4,1.6,-6.4,0.0
-7.9,1.5,-7.9,0.0
0.0,1.8,0.0,11.699999999999998
-1.0,1.0,-1.0,0.0
-2.4,1.4,-2.4,0.0
-1.0999999999999999,1.2,-1.0999999999999999,0.0
0.0,1.1,0.0,3.2000000000000006
-1.8,1.8,-1.8,0.0
-3.1,1.3,-3.1,0.0
0.0,1.0,0.0,1.9999999999999996
0.0,0.7,0.0,5.8
-1.2,1.2,-1.2,0.0
-2.9,1.7,-2.9,0.0
-4.5,1.6,-4.5,0.0
-7.1,2.6,-7.1,0.0
-7.2,2.7,-7.2,0.0
-3.2,2.2,-3.2,0.0
-5.6,2.4,-5.6,0.0
-7.0,1.4,-7.0,0.0
-9.0,2.0,-9.0,0.0
-11.5,2.5,-11.5,0.0
-6.5,2.9,-6.5,0.0
-8.7,2.2,-8.7,0.0
-9.799999999999999,2.3,-9.799999999999999,0.0
-11.1,1.3,-11.1,0.0
-12.1,1.0,-12.1,0.0
-5.199999999999999,2.0,-5.199999999999999,0.0
0.0,2.0,0.0,4.4
-1.8,1.8,-1.8,0.0
-4.2,2.4,-4.2,0.0
-5.7,1.5,-5.7,0.0
-8.5,2.8,-8.5,0.0
-9.7,1.2,-9.7,0.0
-11.7,2.0,-11.7,0.0
-14.6,2.9,-14.6,0.0
-9.299999999999999,1.7,-9.299999999999999,0.0
-11.2,1.9,-11.2,0.0
-13.799999999999999,2.6,-13.799999999999999,0.0
-16.0,2.2,-16.0,0.0
-16.3,2.8,-16.3,0.0
-18.3,2.0,-18.3,0.0
-20.900000000000002,2.6,-20.0,0.0
-23.3,2.4,-20.0,0.0
-25.5,2.2,-20.0,0.0
-29.3,3.8,-20.0,0.0
-32.6,3.3,-20.0,0.0
-17.0,3.0,-4.399999999999999,0.0
-16.2,1.4,-3.5999999999999983,0.0
-18.599999999999998,2.4,-5.999999999999998,0.0
-11.999999999999998,1.8,0.0,0.0
-3.399999999999998,2.9,0.0,0.0
-5.6999999999999975,2.3,-2.3,0.0
-5.899999999999997,2.4,-2.4999999999999996,0.0
-5.9999999999999964,2.1,-2.5999999999999996,0.0
-7.799999999999996,1.8,-4.3999999999999995,0.0
-1.1999999999999957,2.2,0.0,0.0
-4.299999999999995,3.1,-3.1,0.0
-8.899999999999995,4.6,-7.699999999999999,0.0
-11.199999999999996,2.3,-10.0,0.0
-14.999999999999996,3.8,-13.8,0.0
-16.199999999999996,3.1,-15.0,0.0
-17.499999999999996,1.3,-16.3,0.0
-19.999999999999996,2.5,-18.8,0.0
-20.9,4.9,-19.700000000000003,0.0
-24.799999999999997,3.9,-20.0,0.0
-28.4,3.6,-20.0,0.0
-32.8,4.4,-20.0,0.0
-34.699999999999996,1.9,-20.0,0.0
-37.3,2.6,-20.0,0.0
-39.3,2.0,-20.0,0.0
-42.5,3.2,-20.0,0.0
-44.3,1.8,-20.0,0.0
-44.6,2.7,-20.0,0.0
-47.9,3.3,-20.0,0.0
-50.9495,3.0495,-20.0,0.0
-53.5495,2.6,-20.0,0.0
-53.5495,2.6,-20.0,0.0
-49.649499999999996,2.8,-16.1,0.0
-52.3495,2.7,-18.8,0.0
-54.9762975,2.6267975000000003,-20.0,0.0
-57.353549237500005,2.3772517375,-20.0,0.0
-59.504962059937505,2.1514128224375,-20.0,0.0
-61.45199066424344,1.9470286043059373,-20.0,0.0
-61.45199066424344,3.6999999999999993,-20.0,0.0
-63.214051551140315,1.7620608868968732,-20.0,0.0
-64.80871665378199,1.5946651026416703,-20.0,0.0
-66.2518885716727,1.4431719178907114,-20.0,0.0
-67.55795915736378,1.306070585691094,-20.0,0.0
-68.73995303741422,1.1819938800504408,-20.0,0.0
-69.80965749885988,1.0697044614456486,-20.0,0.0
-70.77774003646819,0.9680825376083115,-20.0,0.0
-71.65385473300371,0.876114696535522,-20.0,0.0
-72.44673853336836,0.7928838003646472,-20.0,0.0
-73.16429837269837,0.7175598393300051,-20.0,0.0
-73.81369002729203,0.6493916545936553,-20.0,0.0
-74.40138947469929,0.5876994474072568,-20.0,0.0
-74.93325747460285,0.531867999903568,-20.0,0.0
-75.41459801451558,0.48134053991272907,-20.0,0.0
-75.41459801451558,2.3999999999999986,-20.0,0.0
-75.8502112031366,0.43561318862102016,-20.0,0.0
-76.24444113883862,0.3942299357020236,-20.0,0.0
-76.60121923064895,0.35677809181033027,-20.0,0.0
-76.9241034037373,0.32288417308835005,-20.0,0.0
-77.21631358038226,0.2922101766449554,-20.0,0.0
-77.48076379024594,0.2644502098636856,-20.0,0.0
-77.72009123017259,0.23932743992663585,-20.0,0.0
-77.93668256330619,0.21659133313360446,-20.0,0.0
-78.1326977197921,0.1960151564859114,-20.0,0.0
-78.31009143641185,0.17739371661975056,-20.0,0.0
-78.47063274995273,0.16054131354087442,-20.0,0.0
-77.77063274995272,3.7,-19.3,0.0
-72.37063274995272,2.8,-13.900000000000002,0.0
-77.07063274995272,4.7,-18.6,0.0
-78.47063274995273,1.3999999999999986,-20.0,0.0
-78.47063274995273,1.8000000000000007,-20.0,0.0
-78.61592263870722,0.14528988875449045,-20.0,0.0
-78.61592263870722,1.8999999999999986,-20.0,0.0
-78.61592263870722,1.1999999999999993,-20.0,0.0
-78.74740998803003,0.13148734932281414,-20.0,0.0
-78.86640603916717,0.11899605113714706,-20.0,0.0
-78.97409746544629,0.10769142627911865,-20.0,0.0
-79.0715582062289,0.09746074078260225,-20.0,0.0
-79.15976017663715,0.08820197040825484,-20.0,0.0
-74.45976017663716,4.4,-15.3,0.0
-79.15976017663716,4.699999999999999,-20.0,0.0
-79.23958295985663,0.07982278321946978,-20.0,0.0
-79.31182257867026,0.07223961881361962,-20.0,0.0
-79.37719943369659,0.06537685502632495,-20.0,0.0
-79.43636548749541,0.05916605379882345,-20.0,0.0
-79.48991076618334,0.05354527868793646,-20.0,0.0
-79.53836924339592,0.04845847721258245,-20.0,0.0
-79.5822241652733,0.043854921877387376,-20.0,0.0
-79.62191286957234,0.039688704299036814,-20.0,0.0
-79.65783114696296,0.03591827739062747,-20.0,0.0
-79.69033718800148,0.03250604103851895,-20.0,0.0
-79.71975515514134,0.029417967139859336,-20.0,0.0
-79.74637841540292,0.026623260261573023,-20.0,0.0
-76.64637841540292,1.9,-16.9,0.0
-79.74637841540292,3.1000000000000014,-20.0,0.0
-79.74637841540292,4.699999999999999,-20.0,0.0
-61.44637841540291,3.8,-1.6999999999999984,0.0
-67.4463784154029,6.0,-7.699999999999998,0.0
-72.4463784154029,5.0,-12.7,0.0
-77.34637841540291,4.9,-17.6,0.0
-79.74637841540292,2.3999999999999986,-20.0,0.0
-76.84637841540291,3.3,-17.1,0.0
-79.74637841540292,2.8999999999999986,-20.0,0.0
-79.77047246593963,0.02409405053672309,-20.0,0.0
-79.79227758167536,0.021805115735734404,-20.0,0.0
-79.8120112114162,0.019733629740840364,-20.0,0.0
-79.82987014633167,0.01785893491546009,-20.0,0.0
-79.84603248243016,0.016162336098490826,-20.0,0.0
-78.74603248243017,3.2,-18.9,0.0
-79.84603248243016,1.1000000000000014,-20.0,0.0
-79.86065939659929,0.014626914169134864,-20.0,0.0
-79.87389675392235,0.013237357323068188,-20.0,0.0
-79.88587656229973,0.011979808377376777,-20.0,0.0
-79.89671828888126,0.010841726581525712,-20.0,0.0
-79.90653005143754,0.009811762556280357,-20.0,0.0
-79.91540969655098,0.008879645113434087,-20.0,0.0
-79.92344577537864,0.008036078827657,-20.0,0.0
-79.93071842671768,0.0072726513390293235,-20.0,0.0
-79.93730017617949,0.006581749461821218,-20.0,0.0
-79.93730017617949,2.0,-20.0,0.0
-79.94325665944244,0.005956483262948176,-20.0,0.0
-79.94864727679541,0.005390617352968086,-20.0,0.0
-79.95352578549985,0.0048785087044356246,-20.0,0.0
-79.95352578549983,2.8999999999999986,-20.0,0.0
-79.95794083587735,0.004415050377515328,-20.0,0.0
-79.961936456469,0.003995620591651594,-20.0,0.0
-79.961936456469,1.8000000000000007,-20.0,0.0
-79.96555249310445,0.0036160366354449636,-20.0,0.0
-79.96882500625954,0.0032725131550774833,-20.0,0.0
-79.97178663066488,0.0029616244053443097,-20.0,0.0
-79.97446690075172,0.002680270086836245,-20.0,0.0
-79.9768925451803,0.0024256444285866152,-20.0,0.0
-79.97908775338817,0.002195208207870891,-20.0,0.0
-79.9810744168163,0.0019866634281235918,-20.0,0.0
-79.98287234721874,0.0017979304024517972,-20.0,0.0
-79.98449947423296,0.0016271270142196315,-20.0,0.0
-79.98597202418082,0.0014725499478682735,-20.0,0.0
-79.98730468188364,0.001332657702821649,-20.0,0.0
-79.98851073710469,0.001206055221053326,-20.0,0.0
-79.98960221707975,0.0010914799750540993,-20.0,0.0
-79.99059000645717,0.0009877893774241642,-20.0,0.0
-79.99148395584373,0.0008939493865689485,-20.0,0.0
-79.99229298003858,0.0008090241948455201,-20.0,0.0
-79.99302514693491,0.0007321668963342631,-20.0,0.0
-79.99368775797609,0.0006626110411831476,-20.0,0.0
-79.99428742096836,0.0005996629922719876,-20.0,0.0
-79.99483011597637,0.0005426950080051895,-20.0,0.0
-79.99532125495861,0.000491138982244621,-20.0,0.0
-79.89532125495862,1.7,-19.9,0.0
-79.69532125495861,2.3,-19.7,0.0
-79.99532125495861,2.1999999999999993,-20.0,0.0
-79.99576573573755,0.00044448077893211035,-20.0,0.0
-79.99616799084248,0.00040225510493296923,-20.0,0.0
-75.99616799084248,2.4,-16.0,0.0
-74.89616799084249,3.2,-14.899999999999999,0.0
-77.79616799084249,2.9,-17.799999999999997,0.0
0.0,1.8,0.0,11.503832009157502
-1.6,1.6,-1.6,0.0
-4.7,3.1,-4.7,0.0
-8.3,3.6,-8.3,0.0
-5.4,1.1,-5.4,0.0
-8.5,3.1,-8.5,0.0
-13.0,4.5,-13.0,0.0
-17.0,4.0,-17.0,0.0
-19.5,2.5,-19.5,0.0
-21.0,1.5,-20.0,0.0
-24.3,3.3,-20.0,0.0
-20.8,3.2,-16.5,0.0
-23.400000000000002,2.6,-19.1,0.0
-25.000000000000004,1.6,-20.0,0.0
-26.500000000000004,1.5,-20.0,0.0
-29.700000000000003,3.2,-20.0,0.0
-33.0,3.3,-20.0,0.0
-35.6,2.6,-20.0,0.0
-37.7,2.1,-20.0,0.0
-40.0,2.3,-20.0,0.0
-41.6,1.6,-20.0,0.0
-44.5,2.9,-20.0,0.0
-46.4,1.9,-20.0,0.0
-49.592,3.192,-20.0,0.0
-52.092,2.5,-20.0,0.0
-54.592,2.5,-20.0,0.0
-55.992,1.4,-20.0,0.0
-57.891999999999996,1.9,-20.0,0.0
-59.391999999999996,1.5,-20.0,0.0
-42.891999999999996,1.0,-3.5,0.0
-44.391999999999996,1.5,-5.0,0.0
-46.69199999999999,2.3,-7.3,0.0
-45.791999999999994,0.5,-6.4,0.0
-48.09199999999999,2.3,-8.7,0.0
-49.89199999999999,1.8,-10.5,0.0
-52.49199999999999,2.6,-13.1,0.0
-54.79199999999999,2.3,-15.399999999999999,0.0
-55.89199999999999,1.1,-16.5,0.0
-57.79199999999999,1.9,-18.4,0.0
-54.79199999999999,1.3,-15.399999999999999,0.0
-50.79199999999999,1.5,-11.399999999999999,0.0
-48.19199999999999,2.2,-8.799999999999999,0.0
-40.59199999999999,1.4,-1.1999999999999988,0.0
-42.49199999999999,1.9,-3.0999999999999988,0.0
-44.39199999999999,1.9,-4.999999999999998,0.0
-45.79199999999999,1.4,-6.399999999999999,0.0
-43.99199999999999,0.7,-4.599999999999999,0.0
-43.291999999999994,1.2,-3.8999999999999986,0.0
-42.592,0.7,-3.1999999999999984,0.0
-43.391999999999996,0.8,-3.9999999999999982,0.0
-32.992,1.0,0.0,0.0
-32.592,1.3,0.0,0.0
-28.592,0.7,0.0,0.0
-14.891999999999998,1.7,0.0,0.0
-16.291999999999998,1.4,-1.4,0.0
-15.191999999999998,0.1,-0.29999999999999993,0.0
-12.591999999999997,0.6,0.0,0.0
-4.091999999999997,0.5,0.0,0.0
-2.091999999999997,0.9,0.0,0.0
-3.691999999999997,1.6,-1.6,0.0
0.0,1.0,0.0,10.708000000000004
0.0,0.5,0.0,12.2
0.0,0.7,0.0,0.7
0.0,1.2,0.0,1.4000000000000001
-1.0,1.0,-1.0,0.0
0.0,0.9,0.0,1.1
0.0,1.0,0.0,2.7
0.0,0.4,0.0,2.4
-0.5,0.5,-0.5,0.0
0.0,1.6,0.0,5.300000000000001
0.0,0.7,0.0,1.5000000000000002
-0.8,0.8,-0.8,0.0
-1.0,0.2,-1.0,0.0
-1.1,0.1,-1.1,0.0
-1.9000000000000001,0.8,-1.9000000000000001,0.0
-2.4000000000000004,0.5,-2.4000000000000004,0.0
0.0,0.5,0.0,2.3999999999999995
0.0,1.0,0.0,0.8999999999999999
0.0,1.8,0.0,8.0
-0.7,0.7,-0.7,0.0
-1.9,1.2,-1.9,0.0
-2.5999999999999996,0.7,-2.5999999999999996,0.0
-3.3,0.7,-3.3,0.0
-3.9,0.6,-3.9,0.0
0.0,0.3,0.0,3.8
0.0,0.0,0.0,16.2
0.0,0.5,0.0,5.9
-0.4,0.4,-0.4,0.0
0.0,0.6,0.0,9.4
0.0,0.2,0.0,5.8
0.0,0.6,0.0,3.1999999999999997
0.0,0.3,0.0,3.7
-0.5,0.5,-0.5,0.0
-1.3,0.8,-1.3,0.0
0.0,0.6,0.0,0.7000000000000001
-0.7,0.7,-0.7,0.0
-1.5,0.8,-1.5,0.0
-2.1,0.6,-2.1,0.0
-2.5,0.4,-2.5,0.0
-2.9,0.4,-2.9,0.0
-3.3,0.4,-3.3,0.0
-3.6999999999999997,0.4,-3.6999999999999997,0.0
-4.1,0.4,-4.1,0.0
-4.5,0.4,-4.5,0.0
-4.9,0.4,-4.9,0.0
-3.4000000000000004,0.4,-3.4000000000000004,0.0
0.0,0.3,0.0,6.3999999999999995
0.0,0.4,0.0,4.8
-0.7,0.7,-0.7,0.0
-1.1,0.4,-1.1,0.0
-1.5,0.4,-1.5,0.0
-1.9,0.4,-1.9,0.0
-2.3,0.4,-2.3,0.0
-2.6999999999999997,0.4,-2.6999999999999997,0.0
-3.0999999999999996,0.4,-3.0999999999999996,0.0
-3.3999999999999995,0.3,-3.3999999999999995,0.0
0.0,0.5,0.0,11.2
-0.7,0.7,-0.7,0.0
-1.2,0.5,-1.2,0.0
-1.7999999999999998,0.6,-1.7999999999999998,0.0
-2.4,0.6,-2.4,0.0
-3.0999999999999996,0.7,-3.0999999999999996,0.0
-3.9999999999999996,0.9,-3.9999999999999996,0.0
-4.8,0.8,-4.8,0.0
-4.8999999999999995,0.1,-4.8999999999999995,0.0
-5.1,0.2,-5.1,0.0
-6.699999999999999,1.6,-6.699999999999999,0.0
-8.2,1.5,-8.2,0.0
-9.399999999999999,1.2,-9.399999999999999,0.0
-10.299999999999999,0.9,-10.299999999999999,0.0
-10.999999999999998,0.7,-10.999999999999998,0.0
-11.699999999999998,0.7,-11.699999999999998,0.0
-0.5999999999999968,0.7,-0.5999999999999968,0.0
-1.0999999999999968,0.5,-1.0999999999999968,0.0
-0.09999999999999687,0.4,-0.09999999999999687,0.0
0.0,0.6,0.0,3.300000000000003
-0.4,0.4,-0.4,0.0
-0.9,0.5,-0.9,0.0
-1.5,0.6,-1.5,0.0
-2.1,0.6,-2.1,0.0
-2.7,0.6,-2.7,0.0
-0.7,0.7,-0.7,0.0
-1.9,1.2,-1.9,0.0
-3.0999999999999996,1.2,-3.0999999999999996,0.0
0.0,0.6,0.0,5.551115123125783e-16
-0.9,0.9,-0.9,0.0
0.0,0.7,0.0,4.999999999999999
-1.0,1.0,-1.0,0.0
-2.2,1.2,-2.2,0.0
-0.7000000000000002,1.0,-0.7000000000000002,0.0
-1.5000000000000002,0.8,-1.5000000000000002,0.0
-2.8000000000000003,1.3,-2.8000000000000003,0.0
-1.5000000000000002,0.7,-1.5000000000000002,0.0
-0.7000000000000002,0.5,-0.7000000000000002,0.0
0.0,0.8,0.0,5.8
-1.4,1.4,-1.4,0.0
-3.2,1.8,-3.2,0.0
-4.6,1.4,-4.6,0.0
-5.8999999999999995,1.3,-5.8999999999999995,0.0
-6.8,0.9,-6.8,0.0
-2.5999999999999996,2.0,-2.5999999999999996,0.0
0.0,1.3,0.0,3.7
0.0,2.0,0.0,1.2000000000000002
-1.3,1.3,-1.3,0.0
-2.4000000000000004,1.1,-2.4000000000000004,0.0
-3.5000000000000004,1.1,-3.5000000000000004,0.0
-4.800000000000001,1.3,-4.800000000000001,0.0
-6.4,1.6,-6.4,0.0
-7.6000000000000005,1.2,-7.6000000000000005,0.0
-9.100000000000001,1.5,-9.100000000000001,0.0
-10.700000000000001,1.6,-10.700000000000001,0.0
-11.9,1.2,-11.9,0.0
-10.8,1.2,-10.8,0.0
-12.3,1.5,-12.3,0.0
-13.3,1.0,-13.3,0.0
-7.400000000000001,0.9,-7.400000000000001,0.0
-6.700000000000001,1.3,-6.700000000000001,0.0
-8.4,1.7,-8.4,0.0
-8.7,1.5,-8.7,0.0
0.0,0.8,0.0,0.900000000000001
-2.0,2.0,-2.0,0.0
-4.2,2.2,-4.2,0.0
-5.9,1.7,-5.9,0.0
-5.1000000000000005,1.5,-5.1000000000000005,0.0
-7.1000000000000005,2.0,-7.1000000000000005,0.0
-8.0,0.9,-8.0,0.0
-0.2999999999999998,2.7,-0.2999999999999998,0.0
0.0,0.7,0.0,26.7
0.0,1.3,0.0,23.099999999999998
0.0,1.5,0.0,9.9
0.0,2.3,0.0,5.3
0.0,1.8,0.0,7.3999999999999995
0.0,1.8,0.0,0.7
0.0,1.6,0.0,5.4
0.0,1.4,0.0,2.8000000000000003
-1.9,1.9,-1.9,0.0
-4.199999999999999,2.3,-4.199999999999999,0.0
-7.199999999999999,3.0,-7.199999999999999,0.0
-10.5,3.3,-10.5,0.0
-13.1,2.6,-13.1,0.0
-16.2,3.1,-16.2,0.0
-19.4,3.2,-19.4,0.0
-22.799999999999997,3.4,-20.0,0.0
-25.199999999999996,2.4,-20.0,0.0
-28.299999999999997,3.1,-20.0,0.0
-29.099999999999998,3.2,-20.0,0.0
-31.299999999999997,2.2,-20.0,0.0
-33.699999999999996,2.4,-20.0,0.0
-35.99999999999999,2.3,-20.0,0.0
-38.099999999999994,2.1,-20.0,0.0
-41.3,3.2,-20.0,0.0
-44.976499999999994,3.6765,-20.0,0.0
-46.87649999999999,1.9,-20.0,0.0
-50.02323249999999,3.1467325000000006,-20.0,0.0
-52.87102541249999,2.847792912500001,-20.0,0.0
-52.171025412499986,1.9,-19.299999999999997,0.0
-54.071025412499985,1.9,-20.0,0.0
-55.97102541249998,1.9,-20.0,0.0
-58.253777998312486,2.282752585812502,-20.0,0.0
-60.3196690884728,2.0658910901603136,-20.0,0.0
-60.92230052506788,2.0026314365950837,-20.0,0.0
-62.73468197518643,1.8123814501185516,-20.0,0.0
-64.37488718754372,1.640205212357289,-20.0,0.0
-65.85927290472706,1.484385717183347,-20.0,0.0
-56.05927290472706,2.4,-10.200000000000001,0.0
-43.65927290472706,2.5,0.0,0.0
-43.05927290472706,2.0,0.0,0.0
-47.85927290472706,4.8,-4.8,0.0
-52.159272904727054,4.3,-9.1,0.0
-56.95927290472705,4.8,-13.899999999999999,0.0
-61.45927290472705,4.5,-18.4,0.0
-63.220641978777984,1.76136907405093,-20.0,0.0
-64.81468099079407,1.5940390120160908,-20.0,0.0
-66.25728629666864,1.4426053058745634,-20.0,0.0
-67.56284409848512,1.3055578018164793,-20.0,0.0
-68.74437390912902,1.181529810643914,-20.0,0.0
-67.64437390912902,4.1,-18.9,0.0
-68.81815838776176,1.1737844786327436,-20.0,0.0
-68.81815838776176,1.3000000000000007,-20.0,0.0
-69.88043334092438,1.0622749531626337,-20.0,0.0
-70.84179217353656,0.9613588326121834,-20.0,0.0
-69.84179217353656,2.4,-19.0,0.0
-70.84179217353656,1.0,-20.0,0.0
-71.71182191705059,0.870029743514027,-20.0,0.0
-71.71182191705057,1.8999999999999986,-20.0,0.0
-70.61182191705056,3.6,-18.900000000000002,0.0
-71.71182191705056,2.4999999999999964,-20.0,0.0
-63.91182191705056,2.0,-12.2,0.0
-51.51182191705056,3.0,0.0,0.0
-45.311821917050565,2.0,0.0,0.0
-46.311821917050565,4.7,-1.0,0.0
-50.01182191705057,3.7,-4.7,0.0
-55.11182191705057,5.1,-9.8,0.0
-59.91182191705057,4.8,-14.600000000000001,0.0
-59.91182191705057,3.7,-14.600000000000001,0.0
-65.31182191705057,5.399999999999999,-20.0,0.0
-66.70719883493076,1.3953769178801965,-20.0,0.0
-67.97001494561235,1.2628161106815776,-20.0,0.0
-69.11286352577918,1.1428485801668273,-20.0,0.0
-70.14714149083015,1.0342779650509781,-20.0,0.0
-71.08316304920129,0.9360215583711362,-20.0,0.0
-71.93026255952716,0.8470995103258776,-20.0,0.0
-72.69688761637208,0.7666250568449193,-20.0,0.0
-72.6968876163721,3.6000000000000014,-20.0,0.0
-73.39068329281675,0.6937956764446511,-20.0,0.0
-74.01856837999915,0.6278850871824089,-20.0,0.0
-74.58680438389923,0.5682360039000809,-20.0,0.0
-75.1010579674288,0.5142535835295723,-20.0,0.0
-75.56645746052307,0.46539949309426376,-20.0,0.0
-75.98764400177338,0.4211865412503091,-20.0,0.0
-76.3688178216049,0.3811738198315293,-20.0,0.0
-76.71378012855244,0.3449623069475338,-20.0,0.0
-77.02597101633997,0.31219088778751747,-20.0,0.0
-77.30850376978766,0.2825327534477031,-20.0,0.0
-77.56419591165783,0.2556921418701714,-20.0,0.0
-77.79559730005033,0.23140138839250568,-20.0,0.0
-78.00501555654554,0.20941825649521828,-20.0,0.0
-78.19453907867371,0.18952352212817392,-20.0,0.0
-78.36605786619971,0.17151878752599714,-20.0,0.0
-78.52128236891073,0.15522450271102706,-20.0,0.0
-78.66176054386422,0.14047817495348003,-20.0,0.0
-62.46176054386422,3.1,-3.7999999999999994,0.0
-65.26176054386423,2.8,-6.6,0.0
-70.26176054386423,5.0,-11.6,0.0
-76.76176054386423,6.5,-18.1,0.0
-78.66176054386423,1.8999999999999986,-20.0,0.0
-78.78889329219713,0.12713274833289745,-20.0,0.0
-78.28889329219713,5.4,-19.5,0.0
-76.18889329219712,2.6,-17.400000000000002,0.0
-78.78889329219712,2.599999999999998,-20.0,0.0
-78.90394842943839,0.11505513724127336,-20.0,0.0
-79.00807332864174,0.10412489920335322,-20.0,0.0
-79.10230636242078,0.09423303377903469,-20.0,0.0
-79.10230636242078,1.1999999999999993,-20.0,0.0
-75.50230636242077,4.1,-16.4,0.0
-79.10230636242076,3.6,-20.0,0.0
-77.40230636242076,3.8,-18.3,0.0
-79.10230636242076,1.6999999999999993,-20.0,0.0
-79.18758725799078,0.08528089557002794,-20.0,0.0
-79.26476646848167,0.0771792104908755,-20.0,0.0
-79.26476646848167,1.3999999999999986,-20.0,0.0
-65.36476646848168,2.9,-6.1,0.0
-68.26476646848168,2.9,-9.0,0.0
-72.66476646848169,4.4,-13.4,0.0
-75.66476646848169,3.0,-16.4,0.0
-79.2647664684817,3.6000000000000014,-20.0,0.0
-79.33461365397594,0.06984718549423885,-20.0,0.0
-79.39782535684822,0.0632117028722865,-20.0,0.0
-79.45503194794763,0.05720659109941906,-20.0,0.0
-79.50680391289261,0.051771964944975046,-20.0,0.0
-79.55365754116781,0.04685362827520212,-20.0,0.0
-79.59606007475686,0.04240253358905832,-20.0,0.0
-79.63443436765496,0.038374292898097906,-20.0,0.0
-79.66916310272774,0.03472873507277807,-20.0,0.0
-79.7005926079686,0.03142950524086441,-20.0,0.0
-79.72903631021158,0.028443702242982205,-20.0,0.0
-79.75477786074148,0.025741550529899015,-20.0,0.0
-79.77807396397104,0.02329610322955844,-20.0,0.0
-79.79915693739379,0.021082973422751117,-20.0,0.0
-79.81823702834137,0.019080090947589667,-20.0,0.0
-79.83550451064895,0.017267482307570248,-20.0,0.0
-79.8511315821373,0.015627071488349742,-20.0,0.0
-79.86527408183426,0.014142499696956357,-20.0,0.0
-79.87807304406,0.012798962225745392,-20.0,0.0
-79.8896561048743,0.011583060814300161,-20.0,0.0
-79.90013877491124,0.010482670036941144,-20.0,0.0
-79.90962559129467,0.00948681638343185,-20.0,0.0
-79.91821116012167,0.008585568827006895,-20.0,0.0
-79.92598109991012,0.007769939788441427,-20.0,0.0
-77.52598109991013,4.2,-17.6,0.0
-79.92598109991013,2.3999999999999986,-20.0,0.0
-79.93301289541867,0.007031795508537719,-20.0,0.0
-79.9393766703539,0.006363774935226552,-20.0,0.0
-79.94513588667027,0.005759216316380211,-20.0,0.0
-79.95034797743659,0.005212090766323563,-20.0,0.0
-79.95506491958011,0.00471694214352425,-20.0,0.0
-79.95933375222,0.004268832639889197,-20.0,0.0
-79.9631970457591,0.0038632935390996437,-20.0,0.0
-79.96669332641198,0.0034962806528850976,-20.0,0.0
-79.96985746040285,0.0031641339908610178,-20.0,0.0
-53.66985746040285,2.0,0.0,0.0
-57.06985746040285,3.4,-3.4,0.0
-62.769857460402854,5.7,-9.1,0.0
-68.16985746040285,5.4,-14.5,0.0
-73.26985746040285,5.1,-19.6,0.0
-73.90922100166458,0.63936354126173,-20.0,0.0
-74.48784500650645,0.5786240048418652,-20.0,0.0
-75.01149973088833,0.5236547243818874,-20.0,0.0
-65.91149973088832,3.1,-10.9,0.0
-63.91149973088832,1.6,-8.9,0.0
-68.31149973088833,4.4,-13.3,0.0
-72.81149973088833,4.5,-17.8,0.0
-75.01149973088833,2.1999999999999993,-20.0,0.0
-73.51149973088833,3.3,-18.5,0.0
-75.01149973088833,1.5,-20.0,0.0
-75.01149973088833,4.4,-20.0,0.0
-74.91149973088832,2.1,-19.900000000000002,0.0
-75.39490725645393,0.4834075255656085,-20.0,0.0
-75.83239106709081,0.43748381063687614,-20.0,0.0
-76.22831391571718,0.3959228486263724,-20.0,0.0
-76.58662409372405,0.35831017800686826,-20.0,0.0
-76.91089480482027,0.3242707110962142,-20.0,0.0
-77.20435979836235,0.29346499354207367,-20.0,0.0
-77.46994561751792,0.2655858191555769,-20.0,0.0
-77.71030078385373,0.2403551663357968,-20.0,0.0
-77.92782220938761,0.21752142553389575,-20.0,0.0
-78.1246790994958,0.19685689010817686,-20.0,0.0
-78.3028345850437,0.17815548554789906,-20.0,0.0
-78.46406529946455,0.16123071442084846,-20.0,0.0
-78.60997909601542,0.1459137965508681,-20.0,0.0
-71.30997909601543,3.4,-12.700000000000001,0.0
-70.60997909601542,1.7,-12.0,0.0
-72.50997909601543,1.9,-13.9,0.0
-74.80997909601543,2.3,-16.2,0.0
-77.50997909601543,2.7,-18.9,0.0
-78.60997909601542,1.1000000000000014,-20.0,0.0
-78.74203108189396,0.13205198587853495,-20.0,0.0
-78.86153812911402,0.11950704722007366,-20.0,0.0
-78.96969200684819,0.10815387773416774,-20.0,0.0
-79.06757126619762,0.09787925934942177,-20.0,0.0
-79.15615199590884,0.08858072971122688,-20.0,0.0
-79.23631755629751,0.08016556038865996,-20.0,0.0
-79.30886738844924,0.07254983215173638,-20.0,0.0
-79.37452498654656,0.06565759809732175,-20.0,0.0
-79.43394511282463,0.059420126278077134,-20.0,0.0
-79.48772032710629,0.05377521428165988,-20.0,0.0
-79.53638689603119,0.04866656892490262,-20.0,0.0
-79.58043014090822,0.04404324487703626,-20.0,0.0
-79.62028927752193,0.039859136613719315,-20.0,0.0
-79.52028927752194,2.4,-19.9,0.0
-75.52028927752194,1.3,-15.899999999999999,0.0
-78.52028927752194,3.0,-18.9,0.0
-79.62028927752195,1.1000000000000014,-20.0,0.0
-73.02028927752194,1.8,-13.4,0.0
-75.52028927752194,2.5,-15.9,0.0
-77.32028927752194,1.8,-17.7,0.0
-79.22028927752194,1.9,-19.599999999999998,0.0
-79.62028927752195,0.40000000000000213,-20.0,0.0
-79.65636179615737,0.0360725186354145,-20.0,0.0
-77.05636179615736,1.1,-17.400000000000002,0.0
-78.25636179615736,1.2,-18.6,0.0
-72.35636179615736,1.5,-12.700000000000001,0.0
-72.15636179615736,1.2,-12.5,0.0
-68.95636179615735,1.7,-9.299999999999999,0.0
-26.456361796157353,2.0,0.0,0.0
-27.656361796157352,1.2,-1.2,0.0
-18.856361796157355,1.3,0.0,0.0
-20.156361796157356,1.3,-1.3,0.0
-21.556361796157354,1.4,-2.7,0.0
-22.556361796157354,1.0,-3.7,0.0
-22.356361796157355,1.0,-3.5,0.0
-15.656361796157354,1.1,0.0,0.0
-16.456361796157353,0.8,-0.8,0.0
-17.956361796157353,1.5,-2.3,0.0
-19.35636179615735,1.4,-3.6999999999999997,0.0
-20.75636179615735,1.4,-5.1,0.0
-22.45636179615735,1.7,-6.8,0.0
-23.65636179615735,1.2,-8.0,0.0
-25.25636179615735,1.6,-9.6,0.0
-26.25636179615735,1.0,-10.6,0.0
-27.25636179615735,1.0,-11.6,0.0
-28.55636179615735,1.3,-12.9,0.0
-26.956361796157353,1.6,-11.299999999999999,0.0
-27.85636179615735,0.9,-12.2,0.0
-28.85636179615735,1.0,-13.2,0.0
-29.956361796157353,1.1,-14.299999999999999,0.0
-31.056361796157354,1.1,-15.399999999999999,0.0
0.0,0.4,0.0,7.143638203842647
0.0,0.6,0.0,6.5
-1.3,1.3,-1.3,0.0
-2.2,0.9,-2.2,0.0
-3.6,1.4,-3.6,0.0
-4.6,1.0,-4.6,0.0
-5.6,1.0,-5.6,0.0
-6.8,1.2,-6.8,0.0
-7.6,0.8,-7.6,0.0
-7.2,0.9,-7.2,0.0
-8.1,0.9,-8.1,0.0
0.0,1.0,0.0,3.5
-0.8,0.8,-0.8,0.0
-2.1,1.3,-2.1,0.0
0.0,2.0,0.0,20.7
0.0,0.6,0.0,16.599999999999998
0.0,1.1,0.0,2.6
-0.6,0.6,-0.6,0.0
-1.4,0.8,-1.4,0.0
-2.2,0.8,-2.2,0.0
-2.6,0.4,-2.6,0.0
-3.0,0.4,-3.0,0.0
-3.3,0.3,-3.3,0.0
-3.8,0.5,-3.8,0.0
-4.2,0.4,-4.2,0.0
-4.8,0.6,-4.8,0.0
-5.8,1.0,-5.8,0.0
-6.5,0.7,-6.5,0.0
-5.1,1.0,-5.1,0.0
-3.8999999999999995,0.8,-3.8999999999999995,0.0
-4.6,0.7,-4.6,0.0
-5.8999999999999995,1.3,-5.8999999999999995,0.0
-4.5,1.0,-4.5,0.0
0.0,0.3,0.0,15.8
0.0,1.0,0.0,1.0
-0.6,0.6,-0.6,0.0
-0.8,0.2,-0.8,0.0
-1.3,0.5,-1.3,0.0
-1.6,0.3,-1.6,0.0
-2.0,0.4,-2.0,0.0
0.0,1.5,0.0,1.0999999999999996
0.0,1.1,0.0,4.199999999999999
-1.4,1.4,-1.4,0.0
-2.5999999999999996,1.2,-2.5999999999999996,0.0
-3.4999999999999996,0.9,-3.4999999999999996,0.0
-3.8999999999999995,0.4,-3.8999999999999995,0.0
-4.3,0.4,-4.3,0.0
-4.7,0.4,-4.7,0.0
-5.1000000000000005,0.4,-5.1000000000000005,0.0
0.0,0.4,0.0,7.099999999999999
0.0,0.0,0.0,34.4
0.0,1.0,0.0,8.4
-0.7,0.7,-0.7,0.0
0.0,0.4,0.0,2.4
-0.7,0.7,-0.7,0.0
-0.8999999999999999,0.2,-0.8999999999999999,0.0
0.0,0.9,0.0,6.6
0.0,0.8,0.0,25.0
0.0,0.2,0.0,24.8
0.0,0.7,0.0,2.4000000000000004
-0.8,0.8,-0.8,0.0
-1.2000000000000002,0.4,-1.2000000000000002,0.0
-0.40000000000000013,0.5,-0.40000000000000013,0.0
0.0,1.1,0.0,2.599999999999999
0.0,0.7,0.0,2.9000000000000004
0.0,0.4,0.0,49.800000000000004
-0.6,0.6,-0.6,0.0
0.0,0.8,0.0,14.0
0.0,1.1,0.0,1.2999999999999998
0.0,0.9,0.0,3.9
0.0,1.5,0.0,10.7
0.0,0.5,0.0,6.1
0.0,0.8,0.0,6.3
0.0,0.6,0.0,18.799999999999997
0.0,0.2,0.0,9.0
0.0,0.5,0.0,11.4
0.0,0.4,0.0,2.0
-0.7,0.7,-0.7,0.0
-1.6,0.9,-1.6,0.0
-0.6,0.6,-0.6,0.0
0.0,0.7,0.0,1.3
0.0,0.9,0.0,1.7000000000000002
0.0,1.2,0.0,1.5999999999999999
-0.8,0.8,-0.8,0.0
0.0,1.0,0.0,3.4000000000000004
0.0,0.9,0.0,8.299999999999999
-2.0,2.0,-2.0,0.0
-3.5,1.5,-3.5,0.0
-4.8,1.3,-4.8,0.0
-6.1,1.3,-6.1,0.0
-8.0,1.9,-8.0,0.0
-9.1,1.1,-9.1,0.0
-10.7,1.6,-10.7,0.0
-9.1,0.8,-9.1,0.0
-10.299999999999999,1.2,-10.299999999999999,0.0
-10.999999999999998,0.7,-10.999999999999998,0.0
-1.399999999999998,0.8,-1.399999999999998,0.0
0.0,0.6,0.0,4.8000000000000025
-1.2,1.2,-1.2,0.0
-2.3,1.1,-2.3,0.0
0.0,1.0,0.0,0.5
0.0,1.1,0.0,27.2
0.0,0.9,0.0,5.8999999999999995
0.0,0.7,0.0,0.6000000000000001
-1.7,1.7,-1.7,0.0
-0.6000000000000001,1.2,-0.6000000000000001,0.0
-2.0,1.4,-2.0,0.0
-3.9,1.9,-3.9,0.0
-2.8,0.8,-2.8,0.0
-4.199999999999999,1.4,-4.199999999999999,0.0
-4.999999999999999,0.8,-4.999999999999999,0.0
-5.999999999999999,1.0,-5.999999999999999,0.0
-4.499999999999999,1.4,-4.499999999999999,0.0
0.0,1.1,0.0,5.700000000000001
0.0,1.0,0.0,10.4
-2.2,2.2,-2.2,0.0
-3.7,1.5,-3.7,0.0
-5.6,1.9,-5.6,0.0
-2.5,1.7,-2.5,0.0
0.0,1.1,0.0,7.800000000000001
0.0,1.2,0.0,0.6000000000000001
-1.4,1.4,-1.4,0.0
-4.1,2.7,-4.1,0.0
-6.199999999999999,2.1,-6.199999999999999,0.0
-8.799999999999999,2.6,-8.799999999999999,0.0
-6.699999999999999,2.2,-6.699999999999999,0.0
-4.499999999999999,2.5,-4.499999999999999,0.0
-6.999999999999999,2.5,-6.999999999999999,0.0
-2.899999999999999,1.9,-2.899999999999999,0.0
0.0,1.4,0.0,2.3000000000000007
0.0,1.1,0.0,0.8999999999999999
-2.1,2.1,-2.1,0.0
-2.9000000000000004,2.1,-2.9000000000000004,0.0
-5.2,2.3,-5.2,0.0
-1.1,1.4,-1.1,0.0
-3.3000000000000003,2.2,-3.3000000000000003,0.0
0.0,1.4,0.0,10.399999999999999
0.0,2.2,0.0,18.400000000000002
-2.4,2.4,-2.4,0.0
-5.199999999999999,2.8,-5.199999999999999,0.0
-7.799999999999999,2.6,-7.799999999999999,0.0
-7.099999999999999,1.8,-7.099999999999999,0.0
-9.799999999999999,2.7,-9.799999999999999,0.0
-12.2,2.4,-12.2,0.0
-15.0,2.8,-15.0,0.0
-18.0,3.0,-18.0,0.0
-21.4,3.4,-20.0,0.0
-24.5,3.1,-20.0,0.0
-19.7,1.8,-15.200000000000001,0.0
-3.299999999999998,2.2,0.0,0.0
0.0,2.2,0.0,0.6000000000000014
-3.0,3.0,-3.0,0.0
0.0,2.4,0.0,3.1999999999999997
-3.4,3.4,-3.4,0.0
-5.1,1.7,-5.1,0.0
0.0,2.7,0.0,16.000000000000004
-2.5,2.5,-2.5,0.0
-6.6,4.1,-6.6,0.0
0.0,1.3,0.0,19.3
-2.8,2.8,-2.8,0.0
-5.199999999999999,4.0,-5.199999999999999,0.0
-8.6,3.4,-8.6,0.0
-9.299999999999999,2.9,-9.299999999999999,0.0
-12.2,2.9,-12.2,0.0
-15.7,3.5,-15.7,0.0
-10.2,1.9,-10.2,0.0
0.0,2.4,0.0,1.2000000000000015
0.0,3.1,0.0,4.300000000000001
0.0,1.8,0.0,1.2
-2.4,2.4,-2.4,0.0
-6.0,3.6,-6.0,0.0
-8.8,2.8,-8.8,0.0
-11.8,3.0,-11.8,0.0
-15.9,4.1,-15.9,0.0
-19.9,4.0,-19.9,0.0
-24.7,4.8,-20.0,0.0
-29.9535,5.2535,-20.0,0.0
-34.7079175,4.754417500000001,-20.0,0.0
-30.307917500000002,4.1,-15.6,0.0
-31.307917500000002,3.3,-16.6,0.0
-35.8079175,4.5,-20.0,0.0
-35.4079175,4.0,-19.6,0.0
-39.607917500000006,4.2,-20.0,0.0
-42.70791750000001,3.1,-20.0,0.0
-45.90791750000001,3.2,-20.0,0.0
-49.14666533750001,3.238747837499999,-20.0,0.0
-25.046665337500013,5.3,0.0,0.0
-28.746665337500012,3.7,-3.7,0.0
-33.64666533750001,4.9,-8.600000000000001,0.0
-38.34666533750001,4.7,-13.3,0.0
-41.84666533750001,3.5,-16.8,0.0
-45.471232130437514,3.6245667929374985,-20.0,0.0
-48.75146507804595,3.280232947608436,-20.0,0.0
-51.72007589563159,2.968610817585634,-20.0,0.0
-54.406668685546585,2.6865927899149993,-20.0,0.0
-56.83803516041966,2.431366474873074,-20.0,0.0
-59.03842182017979,2.2003866597601327,-20.0,0.0
-61.029771747262714,1.9913499270829194,-20.0,0.0
-62.831943431272755,1.802171684010042,-20.0,0.0
-64.46290880530184,1.6309653740290875,-20.0,0.0
-65.93893246879816,1.476023663496326,-20.0,0.0
-67.27473388426233,1.335801415464175,-20.0,0.0
-68.48363416525741,1.2089002809950786,-20.0,0.0
-69.57768891955796,1.0940547543005463,-20.0,0.0
-70.56780847219996,0.9901195526419935,-20.0,0.0
-71.46386666734097,0.8960581951410047,-20.0,0.0
-71.46386666734097,3.3999999999999986,-20.0,0.0
-71.46386666734097,1.3999999999999986,-20.0,0.0
-72.27479933394358,0.810932666602608,-20.0,0.0
-48.27479933394358,2.4,0.0,0.0
-47.174799333943575,4.5,0.0,0.0
-50.77479933394358,3.6,-3.6,0.0
-54.37479933394358,3.6,-7.2,0.0
-60.07479933394358,5.7,-12.9,0.0
-64.77479933394358,4.7,-17.6,0.0
-67.17479933394358,2.3999999999999986,-20.0,0.0
-68.39319339721894,1.21839406327536,-20.0,0.0
-69.49584002448314,1.1026466272642006,-20.0,0.0
-70.49373522215724,0.9978951976741017,-20.0,0.0
-71.3968303760523,0.9030951538950625,-20.0,0.0
-72.21413149032733,0.8173011142750308,-20.0,0.0
-72.95378899874623,0.7396575084189037,-20.0,0.0
-73.62317904386535,0.6693900451191084,-20.0,0.0
-74.22897703469815,0.6057979908327917,-20.0,0.0
-74.77722421640182,0.548247181703676,-20.0,0.0
-75.27338791584364,0.49616369944182637,-20.0,0.0
-75.7224160638385,0.4490281479948539,-20.0,0.0
-76.12878653777383,0.4063704739353424,-20.0,0.0
-76.49655181668533,0.36776527891148536,-20.0,0.0
-76.82937939410021,0.33282757741489366,-20.0,0.0
-77.13058835166069,0.3012089575604797,-20.0,0.0
-77.40318245825293,0.2725941065922344,-20.0,0.0
-44.203182458252925,4.5,0.0,0.0
-49.203182458252925,5.0,-5.0,0.0
-55.40318245825293,6.2,-11.2,0.0
-61.60318245825293,6.2,-17.4,0.0
-64.20318245825294,2.6000000000000014,-20.0,0.0
-65.7038801247189,1.5006976664659701,-20.0,0.0
-67.06201151287061,1.3581313881517039,-20.0,0.0
-68.2911204191479,1.2291089062772915,-20.0,0.0
-69.40346397932885,1.1123435601809497,-20.0,0.0
-70.41013490129261,1.0066709219637593,-20.0,0.0
-71.32117208566982,0.9110371843772018,-20.0,0.0
-72.14566073753119,0.8244886518613672,-20.0,0.0
-72.89182296746573,0.7461622299345372,-20.0,0.0
-73.56709978555648,0.6752768180907562,-20.0,0.0
-70.26709978555648,3.2,-16.7,0.0
-68.16709978555647,3.8,-14.599999999999998,0.0
-64.36709978555648,3.8,-10.799999999999997,0.0
-64.56709978555648,4.2,-10.999999999999996,0.0
-70.16709978555647,5.6,-16.599999999999994,0.0
-73.56709978555648,3.4000000000000057,-20.0,0.0
-66.76709978555648,3.0,-13.2,0.0
-71.66709978555649,4.9,-18.1,0.0
-73.56709978555648,1.8999999999999986,-20.0,0.0
-74.17822530592862,0.6111255203721351,-20.0,0.0
-74.7312939018654,0.5530685959367805,-20.0,0.0
-75.23182098118818,0.5005270793227865,-20.0,0.0
-75.6847979879753,0.4529770067871226,-20.0,0.0
-76.09474217911765,0.4099441911423458,-20.0,0.0
-64.49474217911765,3.3,-8.399999999999999,0.0
-69.69474217911765,5.2,-13.599999999999998,0.0
-73.49474217911765,3.8,-17.4,0.0
-76.09474217911765,2.6000000000000014,-20.0,0.0
-76.46574167210147,0.37099949298382384,-20.0,0.0
-76.80149621325184,0.33575454115035974,-20.0,0.0
-77.10535407299291,0.3038578597410755,-20.0,0.0
-77.38034543605858,0.2749913630656735,-20.0,0.0
-77.38034543605858,4.9,-20.0,0.0
-77.62921261963301,0.2488671835744345,-20.0,0.0
-77.85443742076788,0.2252248011348641,-20.0,0.0
-78.05826586579494,0.20382844502705133,-20.0,0.0
-78.24273060854442,0.18446474274948077,-20.0,0.0
-78.4096712007327,0.16694059218828006,-20.0,0.0
-78.5607524366631,0.15108123593039302,-20.0,0.0
-78.6974809551801,0.13672851851700596,-20.0,0.0
-78.82122026443798,0.1237393092578909,-20.0,0.0
-78.82122026443798,1.1999999999999993,-20.0,0.0
-78.93320433931638,0.11198407487839201,-20.0,0.0
-78.93320433931638,3.0,-20.0,0.0
-75.13320433931638,2.0,-16.2,0.0
-77.63320433931638,2.5,-18.7,0.0
-78.93320433931638,1.3000000000000007,-20.0,0.0
-79.03454992708131,0.10134558776494451,-20.0,0.0
-79.1262676840086,0.09171775692727469,-20.0,0.0
-79.20927225402778,0.08300457001918282,-20.0,0.0
-79.28439138989515,0.07511913586736085,-20.0,0.0
-79.3523742078551,0.06798281795996086,-20.0,0.0
-79.41389865810888,0.061524450253765295,-20.0,0.0
-79.46957828558854,0.05567962747965627,-20.0,0.0
-78.36957828558855,2.5,-18.9,0.0
-77.76957828558854,2.3,-18.299999999999997,0.0
-79.46957828558854,1.7000000000000028,-20.0,0.0
-79.51996834845762,0.05039006286908876,-20.0,0.0
-79.56557135535415,0.045603006896525855,-20.0,0.0
-79.60684207659551,0.041270721241355446,-20.0,0.0
-68.7068420765955,2.1,-9.1,0.0
-71.8068420765955,3.1,-12.2,0.0
-76.4068420765955,4.6,-16.799999999999997,0.0
-78.1068420765955,1.7,-18.499999999999996,0.0
-79.6068420765955,1.5000000000000036,-20.0,0.0
-79.64419207931893,0.0373500027234277,-20.0,0.0
-78.84419207931892,2.6,-19.200000000000003,0.0
-79.64419207931891,3.099999999999998,-20.0,0.0
-79.67799383178361,0.03380175246470252,-20.0,0.0
-79.70858441776417,0.03059058598055664,-20.0,0.0
-74.10858441776416,2.6,-14.4,0.0
-74.10858441776416,2.5,-14.4,0.0
-76.50858441776415,3.6,-16.8,0.0
-79.30858441776415,2.8,-19.6,0.0
-79.70858441776414,0.3999999999999986,-20.0,0.0
-79.73626889807655,0.027684480312406556,-20.0,0.0
-79.76132335275928,0.025054454682727823,-20.0,0.0
-79.78399763424714,0.022674281487868875,-20.0,0.0
-79.80451785899366,0.020520224746521265,-20.0,0.0
-79.82308866238927,0.01857080339560202,-20.0,0.0
-79.8398952394623,0.01680657707301947,-20.0,0.0
-79.8398952394623,2.8000000000000007,-20.0,0.0
-79.85510519171338,0.015209952251082015,-20.0,0.0
-79.8688701985006,0.013765006787229694,-20.0,0.0
-79.88132752964304,0.01245733114244274,-20.0,0.0
-79.89260141432696,0.011273884683911106,-20.0,0.0
-76.39260141432696,1.2,-16.5,0.0
-62.89260141432696,2.1,-3.0000000000000004,0.0
-61.992601414326955,1.3,-2.1000000000000005,0.0
-64.69260141432696,2.7,-4.800000000000001,0.0
-67.99260141432696,3.3,-8.100000000000001,0.0
-70.89260141432696,2.9,-11.000000000000002,0.0
-72.79260141432697,1.9,-12.900000000000002,0.0
-69.59260141432698,2.9,-9.700000000000003,0.0
-71.79260141432698,2.2,-11.900000000000002,0.0
-74.29260141432698,2.5,-14.400000000000002,0.0
-76.59260141432698,2.3,-16.700000000000003,0.0
-78.59260141432698,2.0,-18.700000000000003,0.0
-79.89260141432698,1.2999999999999972,-20.0,0.0
-79.90280427996592,0.010202865638937908,-20.0,0.0
-79.91203787336916,0.009233593403237705,-20.0,0.0
-79.92039427539909,0.008356402029929377,-20.0,0.0
-78.42039427539909,1.0,-18.5,0.0
-79.92039427539909,1.5,-20.0,0.0
-79.92795681923617,0.007562543837085656,-20.0,0.0
-79.93480092140874,0.006844102172563815,-20.0,0.0
-79.94099483387491,0.006193912466169849,-20.0,0.0
-79.9466003246568,0.00560549078188366,-20.0,0.0
-65.4466003246568,1.6,-5.499999999999998,0.0
-63.546600324656794,1.3,-3.599999999999998,0.0
-64.5466003246568,1.0,-4.599999999999998,0.0
-53.146600324656795,1.0,0.0,0.0
-54.146600324656795,1.0,-1.0,0.0
-55.646600324656795,1.5,-2.5,0.0
-56.94660032465679,1.3,-3.8,0.0
-52.94660032465679,0.8,0.0,0.0
-47.64660032465679,0.8,0.0,0.0
-49.24660032465679,1.6,-1.6,0.0
-42.646600324656795,0.7,0.0,0.0
-32.94660032465679,0.6,0.0,0.0
-33.74660032465679,0.8,-0.8,0.0
-35.04660032465679,1.3,-2.1,0.0
-36.74660032465679,1.7,-3.8,0.0
-38.14660032465679,1.4,-5.199999999999999,0.0
-39.14660032465679,1.0,-6.199999999999999,0.0
-39.946600324656785,0.8,-6.999999999999999,0.0
-40.54660032465679,0.6,-7.599999999999999,0.0
-39.446600324656785,0.6,-6.499999999999998,0.0
-40.04660032465679,0.6,-7.099999999999998,0.0
-40.64660032465679,0.6,-7.6999999999999975,0.0
-41.64660032465679,1.0,-8.699999999999998,0.0
-40.44660032465679,1.1,-7.499999999999998,0.0
-37.84660032465679,0.4,-4.899999999999999,0.0
-31.146600324656788,0.9,0.0,0.0
-12.64660032465679,0.9,0.0,0.0
-12.64660032465679,1.3,0.0,0.0
-13.64660032465679,1.0,-1.0,0.0
-12.146600324656788,1.7,0.0,0.0
-4.546600324656787,0.8,0.0,0.0
0.0,0.9,0.0,2.8533996753432134
-0.40000000000000013,1.6,-0.40000000000000013,0.0
0.0,0.9,0.0,27.700000000000003
0.0,0.8,0.0,11.2
0.0,1.2,0.0,4.7
-1.4,1.4,-1.4,0.0
-2.9,1.5,-2.9,0.0
-3.9,1.0,-3.9,0.0
0.0,0.6,0.0,1.7000000000000002
-0.7,0.7,-0.7,0.0
-1.0,0.3,-1.0,0.0
-1.7,0.7,-1.7,0.0
-2.4,0.7,-2.4,0.0
-3.0,0.6,-3.0,0.0
0.0,1.0,0.0,15.8
0.0,1.1,0.0,9.9
-0.9,0.9,-0.9,0.0
-1.4,0.5,-1.4,0.0
-1.9,0.5,-1.9,0.0
-2.3,0.4,-2.3,0.0
-2.8,0.5,-2.8,0.0
0.0,0.5,0.0,3.1000000000000005
0.0,0.7,0.0,28.2
0.0,0.5,0.0,17.6
0.0,0.7,0.0,1.3
-0.5,0.5,-0.5,0.0
-1.0,0.5,-1.0,0.0
-1.3,0.3,-1.3,0.0
-1.1,1.2,-1.1,0.0
0.0,0.6,0.0,1.1999999999999997
-0.6,0.6,-0.6,0.0
-1.1,0.5,-1.1,0.0
-0.5000000000000002,0.8,-0.5000000000000002,0.0
-1.2000000000000002,0.7,-1.2000000000000002,0.0
-1.7000000000000002,0.5,-1.7000000000000002,0.0
-2.5,0.8,-2.5,0.0
-3.0,0.5,-3.0,0.0
-3.3,0.3,-3.3,0.0
-3.5,0.2,-3.5,0.0
0.0,0.1,0.0,10.8
0.0,0.4,0.0,5.699999999999999
0.0,0.6,0.0,22.9
-0.3,0.3,-0.3,0.0
-0.7,0.4,-0.7,0.0
-1.0,0.3,-1.0,0.0
-1.4,0.4,-1.4,0.0
-1.7999999999999998,0.4,-1.7999999999999998,0.0
-2.1999999999999997,0.4,-2.1999999999999997,0.0
-2.8,0.6,-2.8,0.0
-3.1999999999999997,0.4,-3.1999999999999997,0.0
-3.6999999999999997,0.5,-3.6999999999999997,0.0
-4.3999999999999995,0.7,-4.3999999999999995,0.0
0.0,0.6,0.0,16.6
0.0,0.8,0.0,7.6000000000000005
0.0,1.1,0.0,13.3
0.0,0.7,0.0,4.2
-0.7,0.7,-0.7,0.0
-1.2,0.5,-1.2,0.0
0.0,0.8,0.0,13.0
-0.9,0.9,-0.9,0.0
0.0,0.8,0.0,9.499999999999998
-0.4,0.4,-0.4,0.0
-0.9,0.5,-0.9,0.0
0.0,0.8,0.0,2.5
0.0,1.0,0.0,1.7999999999999998
-1.8,1.8,-1.8,0.0
-3.0,1.2,-3.0,0.0
0.0,0.4,0.0,0.3999999999999998
-1.0,1.0,-1.0,0.0
-1.1,1.1,-1.1,0.0
0.0,1.2,0.0,13.9
-1.5,1.5,-1.5,0.0
-2.3,0.8,-2.3,0.0
-3.0999999999999996,0.8,-3.0999999999999996,0.0
-4.199999999999999,1.1,-4.199999999999999,0.0
-5.1,0.9,-5.1,0.0
0.0,0.3,0.0,11.799999999999999
0.0,0.6,0.0,1.7999999999999998
-1.0,1.0,-1.0,0.0
-1.8,0.8,-1.8,0.0
-2.8,1.0,-2.8,0.0
-4.0,1.2,-4.0,0.0
-2.5,1.4,-2.5,0.0
0.0,0.6,0.0,2.6999999999999997
0.0,0.7,0.0,0.5
-1.1,1.1,-1.1,0.0
-2.4000000000000004,1.3,-2.4000000000000004,0.0
0.0,1.8,0.0,0.9999999999999998
0.0,0.9,0.0,7.299999999999999
0.0,1.2,0.0,14.600000000000001
-1.3,1.3,-1.3,0.0
-0.10000000000000009,0.8,-0.10000000000000009,0.0
0.0,1.6,0.0,5.300000000000001
0.0,1.0,0.0,6.1
-1.3,1.3,-1.3,0.0
0.0,1.5,0.0,0.30000000000000004
0.0,1.2,0.0,28.0
0.0,0.7,0.0,32.3
0.0,1.5,0.0,3.2
0.0,2.0,0.0,0.20000000000000018
0.0,0.9,0.0,3.6999999999999997
0.0,1.3,0.0,1.0999999999999999
-2.4,2.4,-2.4,0.0
-3.9,1.5,-3.9,0.0
-1.8,1.3,-1.8,0.0
0.0,0.9,0.0,4.0
0.0,1.2,0.0,6.2
-0.19999999999999996,1.4,-0.19999999999999996,0.0
-1.9,1.7,-1.9,0.0
-3.3,1.4,-3.3,0.0
-5.9,2.6,-5.9,0.0
-2.5,2.5,-2.5,0.0
-4.8,2.3,-4.8,0.0
-7.0,2.2,-7.0,0.0
-7.8,0.8,-7.8,0.0
-9.9,2.1,-9.9,0.0
-12.2,2.3,-12.2,0.0
-14.0,1.8,-14.0,0.0
-14.7,0.7,-14.7,0.0
-14.4,1.4,-14.4,0.0
-10.0,1.8,-10.0,0.0
-11.8,1.8,-11.8,0.0
-13.600000000000001,1.8,-13.600000000000001,0.0
-3.200000000000002,1.7,-3.200000000000002,0.0
-0.700000000000002,1.1,-0.700000000000002,0.0
-3.800000000000002,3.1,-3.800000000000002,0.0
-5.8000000000000025,2.0,-5.8000000000000025,0.0
-8.400000000000002,2.6,-8.400000000000002,0.0
-11.000000000000002,2.6,-11.000000000000002,0.0
-12.000000000000002,3.0,-12.000000000000002,0.0
-14.700000000000003,2.7,-14.700000000000003,0.0
-18.000000000000004,3.3,-18.000000000000004,0.0
-21.400000000000002,3.4,-20.0,0.0
-17.5,1.5,-16.1,0.0
-17.7,1.9,-16.3,0.0
-21.3,3.6,-19.900000000000002,0.0
-25.3,4.0,-20.0,0.0
-27.5,2.2,-20.0,0.0
-31.1,3.6,-20.0,0.0
-34.6,3.5,-20.0,0.0
-38.4,3.8,-20.0,0.0
-42.0,3.6,-20.0,0.0
-45.61,3.61,-20.0,0.0
-43.61,2.3,-18.0,0.0
-46.01,2.4,-20.0,0.0
-49.23905,3.22905,-20.0,0.0
-52.16134025,2.9222902500000005,-20.0,0.0
-54.80601292625,2.644672676249999,-20.0,0.0
-20.80601292625,2.6,0.0,0.0
-18.70601292625,1.6,0.0,0.0
-22.40601292625,3.7,-3.7,0.0
-25.60601292625,3.2,-6.9,0.0
-22.40601292625,2.8,-3.7,0.0
-27.60601292625,5.2,-8.9,0.0
-31.80601292625,4.2,-13.100000000000001,0.0
-25.30601292625,2.7,-6.600000000000002,0.0
-22.60601292625,2.2,-3.900000000000002,0.0
-24.60601292625,4.8,-5.900000000000002,0.0
-28.30601292625,3.7,-9.600000000000001,0.0
-33.20601292625,4.9,-14.500000000000002,0.0
-33.106012926249996,2.4,-14.400000000000002,0.0
-37.30601292625,4.2,-18.6,0.0
-40.606012926249996,3.3,-20.0,0.0
-43.606012926249996,3.0,-20.0,0.0
-34.20601292624999,1.9,-10.6,0.0
-35.10601292624999,2.3,-11.5,0.0
-39.50601292624999,4.4,-15.9,0.0
-41.806012926249984,2.3,-18.2,0.0
-40.70601292624998,5.3,-17.099999999999998,0.0
-39.90601292624998,3.4,-16.299999999999997,0.0
-42.706012926249976,2.8,-19.099999999999998,0.0
-46.24894169825623,3.5429287720062526,-20.0,0.0
-49.45529223692189,3.2063505386656574,-20.0,0.0
-52.357039474414314,2.9017472374924207,-20.0,0.0
-53.53512072434496,2.778081249930641,-20.0,0.0
-56.049284255532186,2.5141635311872284,-20.0,0.0
-58.32460225125663,2.275317995724442,-20.0,0.0
-57.52460225125663,2.7,-19.2,0.0
-54.92460225125663,1.8,-16.599999999999998,0.0
-58.324602251256636,3.400000000000002,-20.0,0.0
-51.92460225125664,2.7,-13.600000000000001,0.0
-47.12460225125663,1.9,-8.8,0.0
-47.324602251256636,2.5,-9.0,0.0
-49.724602251256634,2.4,-11.4,0.0
-48.02460225125663,2.9,-9.700000000000001,0.0
-52.82460225125663,4.8,-14.5,0.0
-55.624602251256626,2.8,-17.3,0.0
-51.42460225125663,5.5,-13.100000000000001,0.0
-55.92460225125663,4.5,-17.6,0.0
-58.32460225125663,2.3999999999999986,-20.0,0.0
-60.38376503738725,2.05916278613062,-20.0,0.0
-62.24730735883546,1.863542321448211,-20.0,0.0
-63.93381315974609,1.6865058009106315,-20.0,0.0
-65.46010090957022,1.5262877498241219,-20.0,0.0
-66.84139132316105,1.38129041359083,-20.0,0.0
-68.09145914746075,1.2500678242997,-20.0,0.0
-69.22277052845197,1.131311380991228,-20.0,0.0
-70.24660732824904,1.0238367997970617,-20.0,0.0
-71.17317963206538,0.9265723038163411,-20.0,0.0
-72.01172756701918,0.8385479349537883,-20.0,0.0
-72.77061344815236,0.7588858811331782,-20.0,0.0
-70.87061344815235,5.1,-18.1,0.0
-72.77061344815235,1.8999999999999986,-20.0,0.0
-73.45740517057787,0.6867917224255269,-20.0,0.0
-74.07895167937298,0.6215465087951024,-20.0,0.0
-74.64145126983254,0.5624995904595673,-20.0,0.0
-75.15051339919845,0.5090621293659083,-20.0,0.0
-56.150513399198445,2.6,-0.9999999999999987,0.0
-57.95051339919844,1.8,-2.799999999999999,0.0
-45.45051339919844,3.2,0.0,0.0
-51.050513399198444,5.6,-5.6,0.0
-56.650513399198445,5.6,-11.2,0.0
-63.050513399198444,6.4,-17.6,0.0
-65.45051339919844,2.3999999999999986,-20.0,0.0
-66.8327146262746,1.3822012270761483,-20.0,0.0
-53.63271462627459,3.8,-6.8,0.0
-42.53271462627459,4.3,0.0,0.0
-45.13271462627459,3.9,-2.5999999999999996,0.0
-49.63271462627459,4.5,-7.1,0.0
-40.03271462627459,2.5,0.0,0.0
-43.53271462627459,3.5,-3.5,0.0
-47.73271462627459,4.2,-7.7,0.0
-43.832714626274594,3.5,-3.8,0.0
-41.332714626274594,3.9,-1.2999999999999994,0.0
-41.932714626274596,2.6,-1.8999999999999995,0.0
-44.6327146262746,2.7,-4.6,0.0
-48.8327146262746,4.2,-8.8,0.0
-54.532714626274604,5.7,-14.5,0.0
-58.632714626274606,4.1,-18.6,0.0
-60.662606736778514,2.029892110503912,-20.0,0.0
-62.499659096784555,1.8370523600060418,-20.0,0.0
-58.19965909678455,2.8,-15.7,0.0
-55.89965909678455,2.6,-13.399999999999999,0.0
-38.599659096784556,2.6,0.0,0.0
-34.69965909678456,2.6,0.0,0.0
-22.99965909678456,2.8,0.0,0.0
-22.699659096784558,3.3,0.0,0.0
-26.29965909678456,3.6,-3.6,0.0
-27.599659096784556,5.1,-4.9,0.0
-31.099659096784556,3.5,-8.4,0.0
-35.79965909678456,4.7,-13.100000000000001,0.0
-40.69965909678456,4.9,-18.0,0.0
-44.433191482590026,3.7335323858054665,-20.0,0.0
-47.433191482590026,3.0,-20.0,0.0
-48.89803829174397,3.264846809153947,-20.0,0.0
-40.098038291743975,3.0,-11.2,0.0
-45.89803829174397,5.8,-17.0,0.0
-48.69803829174397,2.8,-19.8,0.0
-47.79803829174397,2.9,-18.9,0.0
-50.85722465402829,3.059186362284323,-20.0,0.0
-50.85722465402829,3.6000000000000014,-20.0,0.0
-53.625788311895604,2.768563657867312,-20.0,0.0
-56.13133842226552,2.505550110369917,-20.0,0.0
-54.13133842226552,2.3,-18.0,0.0
-56.5888612721503,2.457522849884776,-20.0,0.0
-58.81291945129602,2.2240581791457217,-20.0,0.0
-60.825692103422895,2.012772652126878,-20.0,0.0
-62.64725135359772,1.8215592501748246,-20.0,0.0
-64.29576247500593,1.6485111214082169,-20.0,0.0
-33.29576247500593,2.2,0.0,0.0
-29.69576247500593,1.8,0.0,0.0
-34.49576247500593,4.8,-4.8,0.0
-38.49576247500593,4.0,-8.8,0.0
-29.39576247500593,2.4,0.0,0.0
-32.99576247500593,3.6,-3.6,0.0
-36.99576247500593,4.0,-7.6,0.0
-39.49576247500593,2.5,-10.1,0.0
-43.29576247500593,3.8,-13.899999999999999,0.0
-46.09576247500593,2.8,-16.7,0.0
-49.09576247500593,3.0,-19.7,0.0
-52.031665039880366,2.9359025648744366,-20.0,0.0
-54.68865686109173,2.6569918212113652,-20.0,0.0
-57.09323445928801,2.404577598196285,-20.0,0.0
-59.26937718565565,2.1761427263676394,-20.0,0.0
-61.23878635301836,1.9694091673627128,-20.0,0.0
-63.021101649481615,1.7823152964632554,-20.0,0.0
-64.63409699278085,1.6129953432992465,-20.0,0.0
-66.09385777846667,1.4597607856858188,-20.0,0.0
-60.09385777846667,3.5,-14.0,0.0
-60.39385777846667,2.3,-14.3,0.0
-63.293857778466666,2.9,-17.2,0.0
-66.09385777846667,2.8000000000000007,-20.0,0.0
-67.41494128951234,1.321083511045667,-20.0,0.0
-68.61052186700867,1.1955805774963277,-20.0,0.0
-69.69252228964285,1.0820004226341764,-20.0,0.0
-70.67173267212678,0.9792103824839291,-20.0,0.0
-71.55791806827473,0.8861853961479556,-20.0,0.0
-72.35991585178863,0.8019977835139009,-20.0,0.0
-73.08572384586871,0.7258079940800801,-20.0,0.0
-73.74258008051119,0.656856234642472,-20.0,0.0
-73.74258008051119,1.8000000000000007,-20.0,0.0
-74.33703497286263,0.594454892351437,-20.0,0.0
-74.87501665044067,0.5379816775780508,-20.0,0.0
-75.3618900686488,0.4868734182081367,-20.0,0.0
-75.80251051212717,0.4406204434783634,-20.0,0.0
-76.20127201347509,0.3987615013479182,-20.0,0.0
-76.56215117219496,0.3608791587198663,-20.0,0.0
-76.88874681083644,0.32659563864147856,-20.0,0.0
-77.18431586380697,0.2955690529705386,-20.0,0.0
-77.45180585674531,0.2674899929383372,-20.0,0.0
-77.69388430035451,0.24207844360919584,-20.0,0.0
-77.91296529182084,0.21908099146632143,-20.0,0.0
-78.11123358909786,0.19826829727702044,-20.0,0.0
-78.29066639813357,0.1794328090357027,-20.0,0.0
-78.45305309031087,0.16238669217731072,-20.0,0.0
-78.60001304673133,0.1469599564204671,-20.0,0.0
-78.73301180729186,0.13299876056052362,-20.0,0.0
-78.85337568559913,0.12036387830727335,-20.0,0.0
-78.96230499546722,0.10892930986808214,-20.0,0.0
-77.56230499546722,2.1,-18.6,0.0
-39.062304995467215,1.8,0.0,0.0
-16.562304995467215,0.8,0.0,0.0
-15.862304995467216,2.5,0.0,0.0
-13.062304995467215,1.0,0.0,0.0
-15.062304995467215,2.0,-2.0,0.0
-17.562304995467215,2.5,-4.5,0.0
-19.762304995467215,2.2,-6.7,0.0
-21.562304995467215,1.8,-8.5,0.0
-24.562304995467215,3.0,-11.5,0.0
-26.562304995467215,2.0,-13.5,0.0
-27.762304995467215,1.2,-14.7,0.0
-26.862304995467213,2.2,-13.8,0.0
-24.962304995467214,1.3,-11.900000000000002,0.0
-27.262304995467215,2.3,-14.200000000000003,0.0
-28.762304995467215,1.5,-15.700000000000003,0.0
-32.16230499546722,3.4,-19.1,0.0
-35.062304995467215,2.9,-20.0,0.0
-37.76230499546722,2.7,-20.0,0.0
-40.062304995467215,2.3,-20.0,0.0
-41.66230499546722,1.6,-20.0,0.0
-44.062304995467215,2.4,-20.0,0.0
-45.76230499546722,1.7,-20.0,0.0
-47.36230499546722,1.6,-20.0,0.0
-49.36230499546722,2.0,-20.0,0.0
-50.96230499546722,1.6,-20.0,0.0
-52.06230499546722,1.1,-20.0,0.0
-49.662304995467224,1.1,-17.6,0.0
-50.96230499546722,1.3,-18.900000000000002,0.0
-51.662304995467224,0.7,-19.6,0.0
-53.36230499546723,1.7,-20.0,0.0
-53.46230499546723,0.1,-20.0,0.0
-55.16230499546723,1.7,-20.0,0.0
-36.362304995467234,1.1,-1.2000000000000015,0.0
-12.762304995467234,0.9,0.0,0.0
-7.062304995467235,0.4,0.0,0.0
-8.062304995467235,1.0,-1.0,0.0
-9.162304995467235,1.1,-2.1,0.0
-9.862304995467234,0.7,-2.8,0.0
-10.762304995467234,0.9,-3.6999999999999997,0.0
-1.662304995467234,1.8,0.0,0.0
-3.1623049954672338,1.5,-1.5,0.0
0.0,0.9,0.0,0.5376950045327659
0.0,0.6,0.0,11.200000000000001
-0.8,0.8,-0.8,0.0
-1.9000000000000001,1.1,-1.9000000000000001,0.0
0.0,0.4,0.0,29.000000000000004
-1.0,1.0,-1.0,0.0
-1.9,0.9,-1.9,0.0
-2.5,0.6,-2.5,0.0
-3.1,0.6,-3.1,0.0
-3.7,0.6,-3.7,0.0
-4.6000000000000005,0.9,-4.6000000000000005,0.0
0.0,0.7,0.0,9.3
0.0,0.6,0.0,6.1000000000000005
-0.6,0.6,-0.6,0.0
-1.0,0.4,-1.0,0.0
-1.5,0.5,-1.5,0.0
-1.9,0.4,-1.9,0.0
0.0,0.7,0.0,6.8999999999999995
0.0,0.0,0.0,0.0
-0.6,0.6,-0.6,0.0
-1.2999999999999998,0.7,-1.2999999999999998,0.0
-2.0999999999999996,0.8,-2.0999999999999996,0.0
-2.8999999999999995,0.8,-2.8999999999999995,0.0
-3.5999999999999996,0.7,-3.5999999999999996,0.0
-3.8999999999999995,0.3,-3.8999999999999995,0.0
-5.699999999999999,1.8,-5.699999999999999,0.0
0.0,1.0,0.0,8.3
0.0,0.8,0.0,4.4
0.0,0.8,0.0,18.2
-0.6,0.6,-0.6,0.0
-1.2999999999999998,0.7,-1.2999999999999998,0.0
-1.7999999999999998,0.5,-1.7999999999999998,0.0
0.0,0.2,0.0,2.0
0.0,0.4,0.0,7.3
-0.5,0.5,-0.5,0.0
-1.0,0.5,-1.0,0.0
-1.4,0.4,-1.4,0.0
-1.7999999999999998,0.4,-1.7999999999999998,0.0
-0.8999999999999998,0.4,-0.8999999999999998,0.0
-1.4999999999999998,0.6,-1.4999999999999998,0.0
0.0,0.7,0.0,28.900000000000002
0.0,0.4,0.0,15.799999999999999
0.0,0.4,0.0,5.1
0.0,0.4,0.0,21.200000000000003
-0.3,0.3,-0.3,0.0
-0.5,0.2,-0.5,0.0
-0.6,0.1,-0.6,0.0
-1.0,0.4,-1.0,0.0
-1.3,0.3,-1.3,0.0
-1.8,0.5,-1.8,0.0
-2.2,0.4,-2.2,0.0
0.0,0.7,0.0,97.19999999999999
0.0,0.5,0.0,4.9
0.0,0.7,0.0,2.4000000000000004
0.0,0.8,0.0,8.899999999999999
-0.5,0.5,-0.5,0.0
0.0,0.6,0.0,0.09999999999999998
-0.2,0.2,-0.2,0.0
-0.8,0.6,-0.8,0.0
0.0,1.3,0.0,3.8000000000000007
0.0,0.2,0.0,17.1
0.0,0.3,0.0,1.9000000000000001
-0.6,0.6,-0.6,0.0
-1.2,0.6,-1.2,0.0
0.0,0.9,0.0,9.700000000000001
-0.5,0.5,-0.5,0.0
-1.5,1.0,-1.5,0.0
-1.7,0.2,-1.7,0.0
0.0,0.9,0.0,4.8
0.0,0.4,0.0,19.5
-0.5,0.5,-0.5,0.0
0.0,0.5,0.0,7.0
0.0,0.3,0.0,3.4000000000000004
0.0,1.1,0.0,15.000000000000002
-0.9,0.9,-0.9,0.0
-1.1,0.2,-1.1,0.0
-1.7000000000000002,0.6,-1.7000000000000002,0.0
-2.1,0.4,-2.1,0.0
-1.7000000000000002,0.9,-1.7000000000000002,0.0
-2.2,0.5,-2.2,0.0
-1.4000000000000004,0.9,-1.4000000000000004,0.0
0.0,0.4,0.0,2.9
0.0,0.9,0.0,1.6
0.0,0.6,0.0,6.0
